Phase,Hip,Knee
0.0,0.2990268857328252,-0.6702503754433216
0.005790954200164365,0.2990299923214205,-0.6703013226475893
0.01158190840032873,0.2990315604478211,-0.6703516839106876
0.017372862600493096,0.2990316197673984,-0.6704014729482387
0.02316381680065746,0.2990301999355238,-0.6704507034758653
0.028954771000821826,0.2990273306075688,-0.6704993892091899
0.03474572520098619,0.2990230414389045,-0.6705475438638351
0.040536679401150556,0.2990173620849026,-0.6705951811554232
0.04632763360131492,0.29901032220093426,-0.6706423147995765
0.05211858780147929,0.29900195144237085,-0.6706889585119179
0.05790954200164365,0.2989922794645839,-0.6707351260080698
0.06370049620180802,0.2989813359229448,-0.6707808310036548
0.06949145040197238,0.2989691504728247,-0.6708260872142949
0.07528240460213675,0.29895575276959513,-0.6708709083556131
0.08107335880230111,0.2989411724686276,-0.6709153081432319
0.08686431300246547,0.29892543922529324,-0.6709593002927734
0.09265526720262984,0.2989085826949636,-0.6710028985198604
0.0984462214027942,0.29889063253301007,-0.6710461165401153
0.10423717560295857,0.29887161839480386,-0.6710889680691609
0.11002812980312293,0.2988515699357165,-0.6711314668226191
0.1158190840032873,0.2988305168111194,-0.6711736265161129
0.12161003820345168,0.2988084886763838,-0.6712154608652646
0.12740099240361605,0.29878551518688123,-0.671256983585697
0.1331919466037804,0.298761625997983,-0.6712982083930319
0.13898290080394476,0.2987368507650604,-0.6713391490028925
0.14477385500410914,0.2987112191434849,-0.6713798191309007
0.1505648092042735,0.29868476078862793,-0.6714202324926796
0.15635576340443785,0.2986575053558609,-0.6714604028038513
0.16214671760460223,0.298629482500555,-0.6715003437800385
0.1679376718047666,0.29860072187808173,-0.6715400691368637
0.17372862600493094,0.29857125314381244,-0.6715795925899491
0.1795195802050953,0.29854110595311867,-0.6716189278549175
0.18531053440525969,0.2985103099613715,-0.6716580886473913
0.19110148860542406,0.2984788948239426,-0.671697088682993
0.1968924428055884,0.29844689019620313,-0.6717359416773452
0.20268339700575277,0.2984143257335245,-0.67177466134607
0.20847435120591715,0.2983812310912784,-0.6718132614047907
0.2142653054060815,0.2983476359248358,-0.671851755569129
0.22005625960624586,0.29831356988956825,-0.6718901575547076
0.22584721380641024,0.2982790626408472,-0.6719284810771492
0.2316381680065746,0.2982441438340439,-0.6719667398520762
0.23742912220673898,0.2982088431245299,-0.6720049475951112
0.24322007640690335,0.29817319016767624,-0.6720431180218764
0.2490110306070677,0.29813721461885473,-0.6720812648479948
0.2548019848072321,0.2981009461334366,-0.6721194017890882
0.26059293900739644,0.298064414366793,-0.6721575425607798
0.2663838932075608,0.2980276489742956,-0.6721957008786916
0.2721748474077252,0.29799067961131565,-0.6722338904584463
0.2779658016078854,0.29795353593322454,-0.6722721250156664
0.28375675580805393,0.2979162475953938,-0.6723104182659745
0.2895477100082183,0.29787884425319455,-0.672348783924993
0.2953386642083827,0.2978413555619983,-0.672387235708344
0.3011296184085511,0.29780381117717647,-0.6724257873316507
0.30692057260871136,0.2977662407541004,-0.6724644525105351
0.3127115268088757,0.29772867394814145,-0.6725032449606201
0.31850248100904005,0.29769114041467104,-0.6725421783975277
0.32429343520920856,0.29765366980906044,-0.6725812665368808
0.3300843894093688,0.29761629178668136,-0.6726205230943018
0.3358753436095332,0.2975790360029048,-0.672659961785413
0.34166629780969754,0.2975419321131022,-0.6726995963258371
0.3474572520098619,0.2975050097726451,-0.6727394404311965
0.3532482062100263,0.2974682986369049,-0.6727795078171142
0.3590391604101906,0.29743182836125276,-0.6728198121992118
0.364830114610355,0.2973956286010602,-0.6728603672931124
0.37062106881051937,0.29735972901169866,-0.6729011868144383
0.37641202301068377,0.2973241592485394,-0.6729422844788121
0.3822029772108481,0.2972889489669539,-0.6729836740018562
0.38799393141101246,0.2972541278223135,-0.6730253690991932
0.39378488561118097,0.2972197254699895,-0.6730673834864456
0.3995758398113412,0.2971857715653535,-0.6731097308792358
0.40536679401150555,0.2971522957637766,-0.6731524249931863
0.41115774821166995,0.2971193277206303,-0.6731954795439196
0.4169487024118343,0.29708689709128605,-0.6732389082470581
0.4227396566119987,0.2970550335311152,-0.6732827248182247
0.428530610812163,0.297023766695489,-0.6733269429730415
0.43432156501232744,0.29699312623977914,-0.6733715764271313
0.4401125192124917,0.2969631418193566,-0.6734166388961164
0.4459034734126562,0.29693384308959303,-0.6734621440956191
0.45169442761282047,0.2969052597058598,-0.6735081057412623
0.45748538181298487,0.2968774213235281,-0.6735545375486681
0.4632763360131492,0.29685035759796957,-0.6736014532334595
0.4690672902133136,0.2968240981845554,-0.6736488665112585
0.47485824441347796,0.296798672738657,-0.673696791097688
0.48064919861364236,0.29677411091564593,-0.6737452407083702
0.48644015281381076,0.2967504423708933,-0.6737942290589279
0.4922311070139711,0.2967276967597706,-0.6738437698649832
0.4980220612141354,0.2967059037376493,-0.6738938768421588
0.5038130154142998,0.2966850929599007,-0.6739445637060774
0.5096039696144683,0.29666529408189624,-0.6739958441723611
0.5153949238146285,0.29664653675900715,-0.6740477319566327
0.5211858780147929,0.29662885064660494,-0.6741002407745146
0.5269768322149572,0.2966122654000611,-0.6741533843416294
0.5327677864151216,0.29659681067474664,-0.6742071763735994
0.538558740615286,0.2965825161260333,-0.674261630586047
0.5443496948154504,0.2965694114092923,-0.6743167606945952
0.5501406490156147,0.2965575261798951,-0.6743725804148661
0.5559316032157791,0.29654689009321294,-0.6744291034624822
0.5617225574159435,0.2965375328046174,-0.6744863435530662
0.5675135116161079,0.29652948396947976,-0.6745443144022405
0.5733044658162721,0.2965227732431714,-0.6746030297256275
0.5790954200164407,0.2965174302810636,-0.6746625032388499
0.5848863742166008,0.2965134847385279,-0.6747227486575299
0.5906773284167653,0.29651096627093565,-0.6747837796972904
0.5964682826169296,0.2965099045336581,-0.6748456100737534
0.602259236817094,0.2965103291820668,-0.674908253502542
0.6080501910172583,0.2965122698715332,-0.6749717236992783
0.6138411452174227,0.2965157562574283,-0.6750360343795847
0.6196320994175871,0.29652081799512386,-0.6751011992590839
0.6254230536177514,0.2965274847399911,-0.6751672320533983
0.6312140078179158,0.29653578614740145,-0.6752341464781508
0.6370049620180801,0.29654575187272625,-0.6753019562489633
0.6427959162182446,0.29655741157133686,-0.6753706750814586
0.6485868704184089,0.2965707948986048,-0.6754403166912593
0.6543778246185733,0.29658593150990126,-0.6755108947939875
0.6601687788187376,0.2966028510605977,-0.6755824231052661
0.665959733018902,0.29662158320606563,-0.6756549153407175
0.6717506872190705,0.29664215760167617,-0.6757283852159641
0.6775416414192308,0.2966646039028009,-0.6758028464466284
0.6833325956193951,0.2966889517648112,-0.6758783127483331
0.6891235498195595,0.2967152308430783,-0.6759547978367004
0.6949145040197279,0.2967434707929737,-0.6760323154273531
0.7007054582198883,0.2967737012698688,-0.6761108792359134
0.7064964124200526,0.2968059519291349,-0.676190502978004
0.712287366620217,0.2968402524261434,-0.6762712003692473
0.7180783208203813,0.2968766324162658,-0.676352985125266
0.7238692750205457,0.2969151215548732,-0.6764358709616822
0.72966022922071,0.29695574949733733,-0.6765198715941187
0.7354511834208745,0.29699854589902935,-0.6766050007381981
0.7412421376210387,0.29704354041532066,-0.6766912721095425
0.7470330918212031,0.2970907627015827,-0.6767786994237748
0.7528240460213675,0.2971402424131868,-0.6768672963965173
0.7586150002215318,0.29719200920550437,-0.6769570767433926
0.7644059544216962,0.2972460927339068,-0.677048054180023
0.7701969086218605,0.2973025226537655,-0.6771402424220312
0.7759878628220249,0.2973613286204517,-0.6772336551850395
0.7817788170221893,0.29742254028933696,-0.6773283061846707
0.7875697712223536,0.29748618731579257,-0.6774242091365469
0.793360725422518,0.2975522993551899,-0.677521377756291
0.7991516796226824,0.2976209060629005,-0.6776198257595252
0.8049426338228468,0.2976920370942954,-0.6777195668618722
0.8107335880230111,0.2977657221047463,-0.6778206147789543
0.8165245422231755,0.29784199074962453,-0.6779229832263942
0.8223154964233399,0.29792087268430134,-0.6780266859198143
0.8281064506235043,0.29800239756414815,-0.678131736574837
0.8338974048236686,0.29808659504453644,-0.678238148907085
0.839688359023833,0.29817349441146257,-0.6783459361735665
0.8454793132239974,0.2982631027884289,-0.678455084114441
0.8512702674241618,0.29835539294707114,-0.6785655358187515
0.857061221624326,0.2984503347040262,-0.6786772307066278
0.8628521758244905,0.2985478978759309,-0.6787901081982003
0.8686431300246549,0.29864805227942204,-0.6789041077135989
0.8744340842248193,0.29875076773113624,-0.6790191686729535
0.8802250384249835,0.29885601404771034,-0.6791352304963942
0.8860159926251479,0.29896376104578104,-0.6792522326040512
0.8918069468253124,0.2990739785419852,-0.6793701144160541
0.8975979010254765,0.29918663635295945,-0.6794888153525331
0.9033888552256409,0.2993017042953407,-0.6796082748336183
0.9091798094258053,0.29941915218576565,-0.6797284322794397
0.9149707636259697,0.29953894984087104,-0.6798492271101271
0.920761717826134,0.2996610670772936,-0.6799705987458107
0.9265526720262984,0.29978547371167036,-0.6800924866066205
0.9323436262264628,0.2999121395606377,-0.6802148301126865
0.9381345804266272,0.3000410344408326,-0.6803375686841384
0.9439255346267915,0.3001721281688918,-0.6804606417411069
0.9497164888269559,0.30030539056145195,-0.680583988703721
0.9555074430271203,0.30044079143514996,-0.6807075489921119
0.9612983972272847,0.3005783006066226,-0.6808312620264086
0.967089351427449,0.3007178878925065,-0.6809550672267417
0.9728803056276134,0.3008595231094385,-0.6810789040132409
0.9786712598277778,0.30100317607405547,-0.6812027118060366
0.9844622140279422,0.30114881660299386,-0.6813264300252583
0.9902531682281064,0.3012964145128908,-0.6814499980910363
0.9960441224282708,0.3014459396203828,-0.6815733554235005
1.0018350766284352,0.30159736174210666,-0.6816964414427809
1.0076260308285996,0.3017506506946993,-0.6818191955690079
1.013416985028764,0.30190577629479737,-0.681941557222311
1.0192079392289284,0.30206270835903754,-0.6820634658228202
1.0249988934290928,0.30222141670405683,-0.6821848607906659
1.030789847629257,0.3023818711464918,-0.6823056815459779
1.0365808018294214,0.30254404150297926,-0.6824258675088862
1.0423717560295858,0.3027078975901559,-0.6825453580995208
1.0481627102297502,0.3028734092246587,-0.6826640927380118
1.0539536644299143,0.30304054622312415,-0.682782010844489
1.0597446186300787,0.30320927840218914,-0.6828990518390824
1.0655355728302431,0.30337957557849055,-0.6830151551419226
1.0713265270304078,0.30355140756866494,-0.6831302601731388
1.077117481230572,0.3037247441893492,-0.6832443063528616
1.0829084354307363,0.30389955525718004,-0.6833572331012208
1.0886993896309007,0.3040758105887943,-0.6834689798383462
1.0944903438310651,0.3042534800008286,-0.683579485984368
1.1002812980312293,0.30443253330991976,-0.6836886909594163
1.1060722522313937,0.3046129403327046,-0.683796534183621
1.1118632064315581,0.3047946708858199,-0.6839029550771121
1.1176541606317225,0.3049776947859024,-0.6840078930600199
1.123445114831887,0.3051619818495888,-0.6841112875524737
1.1292360690320513,0.30534750189351595,-0.6842130779746043
1.1350270232322157,0.30553422473432046,-0.684313203746541
1.14081797743238,0.30572212018863915,-0.6844116042884143
1.1466089316325443,0.3059111580731091,-0.6845082190203544
1.1523998858327087,0.30610130820436665,-0.6846029873624906
1.158190840032873,0.3062925403990487,-0.6846958487349535
1.1639817942330373,0.3064848244737921,-0.6847867425578728
1.1697727484332017,0.3066781302452335,-0.6848756082513785
1.175563702633366,0.3068724275300096,-0.6849623852356008
1.1813546568335307,0.30706768614475743,-0.6850470129306697
1.1871456110336949,0.3072638759061136,-0.6851294307567152
1.1929365652338593,0.30746096663071476,-0.6852095781338671
1.1987275194340237,0.30765892813519785,-0.6852873944822556
1.204518473634188,0.30785773023619956,-0.6853628192220106
1.2103094278343522,0.3080573427503566,-0.6854357917732622
1.2161003820345166,0.3082577354943059,-0.6855062515561405
1.221891336234681,0.308458878284684,-0.6855741379907752
1.2276822904348454,0.3086607409381279,-0.6856393904972965
1.2334732446350098,0.3088632932712742,-0.6857019484958345
1.2392641988351742,0.3090665051007596,-0.6857617514065191
1.2450551530353386,0.30927034624322114,-0.6858187386494804
1.2508461072355028,0.30947478651529536,-0.6858728496448484
1.2566370614356672,0.309679795733619,-0.6859240238127526
1.2624280156358316,0.3098853225347138,-0.6859722195769126
1.268218969835996,0.3100912308346409,-0.6860174713754015
1.2740099240361602,0.3102973633693463,-0.6860598326498819
1.2798008782363246,0.3105035628747761,-0.6860993568420167
1.2855918324364892,0.31070967208687617,-0.6861360973934678
1.2913827866366536,0.3109155337415926,-0.6861701077458979
1.2971737408368178,0.31112099057487147,-0.6862014413409694
1.3029646950369822,0.3113258853226587,-0.686230151620345
1.3087556492371466,0.3115300607209005,-0.6862562920256868
1.314546603437311,0.3117333595055427,-0.6862799159986576
1.3203375576374752,0.31193562441253136,-0.6863010769809197
1.3261285118376396,0.31213669817781264,-0.6863198284141356
1.331919466037804,0.3123364235373323,-0.6863362237399678
1.3377104202379684,0.31253464322703667,-0.6863503164000788
1.3435013744381328,0.3127311999828716,-0.6863621598361309
1.3492923286382972,0.31292593654078305,-0.6863718074897868
1.3550832828384616,0.31311869563671724,-0.6863793128027087
1.360874237038626,0.31330932000662,-0.6863847292165592
1.3666651912387902,0.3134976523864375,-0.6863881101730009
1.3724561454389546,0.31368353551211564,-0.6863895091136962
1.378247099639119,0.31386681211960066,-0.6863889794803076
1.3840380538392831,0.3140473249448383,-0.6863865747144973
1.3898290080394475,0.31422491672377467,-0.686382348257928
1.395619962239608,0.31439943019235583,-0.6863763535522622
1.4014109164397766,0.314570708086528,-0.6863686440391624
1.4072018706399407,0.3147385931422369,-0.686359273160291
1.4129928248401051,0.3149029280954287,-0.6863482943573104
1.4187837790402738,0.31506355568204947,-0.6863357610718828
1.424574733240434,0.3152203186380449,-0.6863217267456713
1.430365687440598,0.31537305969936147,-0.6863062448203381
1.4361566416407625,0.3155216216019449,-0.6862893687375454
1.441947595840931,0.3156658470817415,-0.6862711519389562
1.4477385500410913,0.3158055788746969,-0.6862516478662325
1.4535295042412557,0.31594065971675733,-0.6862309099610369
1.45932045844142,0.3160709323438689,-0.6862089916650319
1.4651114126415845,0.3161962394919775,-0.6861859464198798
1.470902366841749,0.31631642389702935,-0.6861618276672437
1.476693321041913,0.3164313282949702,-0.6861366888487853
1.4824842752420775,0.3165407954217463,-0.6861105834061675
1.4882752294422419,0.31664466801330343,-0.6860835647810527
1.4940661836424063,0.3167427888055878,-0.6860556864151031
1.4998571378425707,0.3168350005345454,-0.6860270017499814
1.505648092042735,0.3169211459361223,-0.6859975642273501
1.5114390462429035,0.3170010677462645,-0.6859674272888718
1.5172300004430637,0.31707460870091786,-0.6859366443762087
1.523020954643228,0.3171416115360286,-0.6859052689310234
1.5288119088433925,0.3172019189875427,-0.6858733543949783
1.5346028630435569,0.31725537379140606,-0.6858409542097359
1.540393817243721,0.3173018186835649,-0.6858081218169586
1.5461847714438854,0.3173410963999651,-0.6857749106583091
1.5519757256440498,0.31737304967655283,-0.6857413741754497
1.5577666798442142,0.3173975212492739,-0.6857075658100428
1.5635576340443786,0.3174143538540745,-0.6856735390037509
1.569348588244543,0.31742339022690064,-0.6856393471982366
1.5751395424447072,0.31742447310369826,-0.6856050438351624
1.5809304966448718,0.3174174452204134,-0.6855706823561905
1.586721450845036,0.3174021493129922,-0.6855363162029838
1.5925124050452006,0.31737842811738054,-0.6855019988172042
1.5983033592453648,0.3173461243695245,-0.6854677836405145
1.6040943134455332,0.31730508080537,-0.6854337241145771
1.6098852676456936,0.31725514016086337,-0.6853998736810547
1.615676221845858,0.31719614517195033,-0.6853662857816096
1.6214671760460222,0.317127938574577,-0.685333013857904
1.627258130246191,0.31705036310468926,-0.6853001113516008
1.633049084446351,0.3169632614982335,-0.6852676317043623
1.6388400386465152,0.31686647649115557,-0.685235628357851
1.6446309928466798,0.31675985081940117,-0.685204154753729
1.650421947046844,0.3166432272189169,-0.6851732643336595
1.6562129012470086,0.3165164484256483,-0.6851430105393044
1.6620038554471728,0.31637935717554166,-0.6851134468123264
1.6677948096473372,0.3162317962045429,-0.6850846265943878
1.6735857638475018,0.3160736082485981,-0.6850566033271515
1.679376718047666,0.315904667943035,-0.6850294551462791
1.6851676722478302,0.31572522075349724,-0.6850035472551868
1.6909586264479948,0.3155357513909924,-0.6849794300622901
1.6967495806481632,0.31533674855395105,-0.6849576570627556
1.7025405348483236,0.31512870094080414,-0.6849387817517492
1.7083314890484878,0.3149120972499819,-0.6849233576244375
1.714122443248652,0.3146874261799151,-0.6849119381759865
1.7199133974488165,0.3144551764290344,-0.6849050769015631
1.725704351648981,0.31421583669577036,-0.684903327296333
1.7314953058491451,0.31396989567855355,-0.6849072428554629
1.7372862600493097,0.3137178420758147,-0.6849173770741186
1.743077214249474,0.3134601645859844,-0.6849342834474668
1.7488681684496385,0.31319735190749315,-0.6849585154706735
1.7546591226498027,0.3129298927387718,-0.6849906266389054
1.760450076849967,0.3126582757782507,-0.6850311704473286
1.7662410310501315,0.3123829897243606,-0.6850807003911094
1.7720319852502957,0.3121045232755321,-0.6851397699654138
1.77782293945046,0.3118233651301957,-0.6852089326654084
1.7836138936506247,0.3115400039867823,-0.6852887419862594
1.7894048478507931,0.311254928543722,-0.6853797514231331
1.795195802050953,0.31096862749944626,-0.685482514471196
1.8009867562511177,0.310681589552385,-0.685597584625614
1.8067777104512819,0.3103943034009689,-0.6857255153815538
1.8125686646514503,0.3101072577436286,-0.6858668602341812
1.8183596188516107,0.30982094127879517,-0.6860221726786631
1.824150573051775,0.3095358427048987,-0.6861920062101652
1.8299415272519395,0.3092524507203699,-0.6863769143238542
1.8357324814521039,0.30897125402363956,-0.686577450514896
1.841523435652268,0.30869274131313823,-0.6867941682784576
1.8473143898524327,0.3084174012872964,-0.6870276211097045
1.8531053440525969,0.3081457226445447,-0.6872783625038034
1.8588962982527615,0.30787819408331396,-0.6875469459559206
1.8646872524529257,0.3076153043020346,-0.6878339249612221
1.8704782066530898,0.3073575419991374,-0.6881398530148747
1.8762691608532545,0.3071053958730528,-0.6884652836120443
1.8820601150534186,0.3068593546222115,-0.6888107702478973
1.887851069253583,0.306619906945044,-0.6891768664175998
1.8936420234537477,0.3063875415399811,-0.6895641256163183
1.8994329776539118,0.3061627471054533,-0.6899731013392193
1.905223931854076,0.3059460123398912,-0.6904043470814687
1.9110148860542406,0.30573782594172555,-0.6908584163382329
1.9168058402544048,0.30553867660938683,-0.6913358626046783
1.9225967944545694,0.3053490530413057,-0.6918372393759712
1.9283877486547336,0.30516944393591283,-0.6923631001472778
1.934178702854898,0.3050003379916387,-0.6929139984137643
1.9399696570550624,0.30484222390691407,-0.6934904876705973
1.9457606112552268,0.30469559038016947,-0.6940931214129428
1.951551565455391,0.30456092610983554,-0.694722453135967
1.9573425196555556,0.3044387197943429,-0.6953790363348367
1.9631334738557198,0.3043294601321221,-0.6960634245047176
1.9689244280558844,0.30423363582160384,-0.6967761711407765
1.9747153822560486,0.30415173556121866,-0.6975178297381792
1.9805063364562128,0.30408424804939727,-0.6982889537920924
1.9862972906563774,0.3040316619845703,-0.6990900967976825
1.9920882448565416,0.3039944660651682,-0.6999218122501152
1.997879199056706,0.30397314898962174,-0.7007846536445572
2.0036701532568704,0.30396819945636155,-0.7016791744761748
2.0094611074570348,0.30398010616381804,-0.702605928240134
2.015252061657199,0.30400935781042204,-0.7035654684316016
2.0210430158573636,0.304056443094604,-0.7045583485457434
2.026833970057528,0.3041218507147948,-0.7055851220777261
2.0326249242576924,0.30420606936942474,-0.7066463425227155
2.0384158784578568,0.3043095877569247,-0.7077425633758783
2.0442068326580207,0.30443289457572503,-0.7088743381323808
2.0499977868581856,0.30457647852425657,-0.710042220287389
2.0557887410583495,0.3047408283009498,-0.7112467633360694
2.061579695258514,0.3049264326042353,-0.712488520773588
2.0673706494586783,0.3051337801325439,-0.7137680460951117
2.0731616036588427,0.3053633595843061,-0.7150858927958061
2.078952557859007,0.30561565965795234,-0.7164426143708379
2.0847435120591715,0.3058911690519136,-0.7178387643153734
2.090534466259336,0.30619037646462016,-0.7192748961245787
2.0963254204595003,0.3065137675346398,-0.7207515606652922
2.1021163746596647,0.3068616443087586,-0.7222691511046551
2.1079073288598287,0.30723402426650154,-0.7238278161752804
2.1136982830599935,0.3076309004084892,-0.725427683583154
2.1194892372601575,0.30805226573534245,-0.7270688810342628
2.125280191460322,0.30849811324768206,-0.728751536234593
2.1310711456604863,0.30896843594612866,-0.7304757768901308
2.1368620998606507,0.309463226831303,-0.7322417307068625
2.1426530540608155,0.30998247890382585,-0.7340495253907748
2.1484440082609795,0.31052618516431785,-0.7358992886478539
2.154234962461144,0.31109433861339986,-0.7377911481840863
2.1600259166613083,0.3116869322516924,-0.7397252317054581
2.1658168708614727,0.31230395907981645,-0.741701666917956
2.1716078250616366,0.31294541209839266,-0.7437205815275661
2.1773987792618015,0.3136112843080417,-0.745782103240275
2.183189733461966,0.31430156870938425,-0.7478863597620689
2.1889806876621303,0.3150162583030412,-0.750033478798934
2.1947716418622947,0.3157553460896332,-0.7522235880568574
2.2005625960624586,0.3165188250697809,-0.7544568152418246
2.2063535502626235,0.3173066882441052,-0.7567332880598224
2.2121445044627874,0.3181189286132267,-0.7590531342168371
2.217935458662952,0.3189555391777662,-0.7614164814188553
2.2237264128631162,0.3198165129383444,-0.7638234573718631
2.2295173670632806,0.320701842895582,-0.7662741897818467
2.235308321263445,0.32161152205009985,-0.7687688063547929
2.2410992754636094,0.3225455434025185,-0.7713074347966878
2.246890229663774,0.32350389995345885,-0.773890202813518
2.2526811838639382,0.3244865847035414,-0.7765172381112695
2.2584721380641026,0.3254935906533873,-0.7791886683959292
2.2642630922642666,0.3265249108036168,-0.7819046213734829
2.2700540464644314,0.3275805381548508,-0.7846652247499173
2.2758450006645954,0.3286604657077101,-0.7874706062312186
2.28163595486476,0.32976468646281565,-0.7903208935233736
2.287426909064924,0.33089319342078777,-0.7932162143323683
2.2932178632650886,0.3320459795822473,-0.796156696364189
2.299008817465253,0.33322303794781505,-0.7991424673248223
2.3047997716654174,0.3344243615181117,-0.8021736549202543
2.310590725865582,0.3356499432937582,-0.8052503868564719
2.316381680065746,0.3368997762753748,-0.8083727908394607
2.3221726342659106,0.33817385346358264,-0.8115409945752076
2.3279635884660745,0.3394721678590024,-0.814755125769699
2.3337545426662394,0.34079471246225473,-0.8180153121289211
2.3395454968664033,0.3421414802739603,-0.8213216813588603
2.345336451066568,0.3435124642947399,-0.8246743611655029
2.351127405266732,0.34490765752521435,-0.8280734792548354
2.3569183594668965,0.34632705296600413,-0.8315191633328443
2.3627093136670614,0.3477706436177302,-0.8350115411055155
2.3685002678672253,0.3492384224810134,-0.8385507402788361
2.3742912220673897,0.35073038255647415,-0.8421368885587917
2.380082176267554,0.3522465168447333,-0.845770113651369
2.3858731304677185,0.3537868183464116,-0.8494505432625545
2.3916640846678825,0.3553512800621298,-0.8531783050983345
2.3974550388680473,0.3569398949925087,-0.8569535268646955
2.4032459930682117,0.35855265613816883,-0.8607763362676233
2.409036947268376,0.3601895564997311,-0.864646861013105
2.4148279014685405,0.36185058907781603,-0.8685652288071265
2.4206188556687045,0.3635357468730447,-0.8725315673556743
2.4264098098688693,0.36524502288603755,-0.876546004364735
2.4322007640690333,0.3669784101174154,-0.8806086675402947
2.4379917182691977,0.3687359015677989,-0.8847196845883396
2.443782672469362,0.37051749023780883,-0.8888791832148565
2.4495736266695265,0.372323169128066,-0.8930872911258314
2.455364580869691,0.37415293123919113,-0.8973441360272513
2.4611555350698553,0.3760067695718048,-0.9016498456251016
2.4669464892700197,0.37788467712652796,-0.9060045476253696
2.472737443470184,0.3797866469039812,-0.9104083697340413
2.4785283976703485,0.38171267190478514,-0.9148614396571026
2.4843193518705124,0.3836627451295607,-0.9193638851005407
2.4901103060706773,0.3856368595789287,-0.9239158337703416
2.4959012602708412,0.3876350082535096,-0.9285174133724916
2.5016922144710056,0.38965718415392425,-0.933168751612977
2.50748316867117,0.39170338028079343,-0.9378699761977844
2.5132741228713344,0.39377358963473785,-0.9426212148329002
2.519065077071499,0.3958677570793483,-0.9474224987036661
2.5248560312716632,0.39798563493009614,-0.9522734729128454
2.5306469854718276,0.4001269273654229,-0.9571736860425563
2.5364379396719965,0.4022913385637716,-0.962122686674922
2.5422288938721564,0.40447857270357895,-0.96712002339205
2.5480198480723204,0.4066883339632912,-0.9721652447760697
2.5538108022724852,0.408920326521348,-0.9772578994090961
2.5596017564726536,0.411174254556193,-0.9823975358732524
2.565392710672814,0.41344982224626226,-0.987583702750645
2.5711836648729784,0.41574673377000243,-0.992815948623405
2.5769746190731424,0.41806469330585316,-0.9980938220736466
2.5827655732733072,0.42040340503225604,-1.0034168716834886
2.588556527473471,0.4227625731276525,-1.00878464603505
2.5943474816736356,0.42514190177048394,-1.0141966937104487
2.6001384358738,0.4275410951391921,-1.0196525632918048
2.6059293900739644,0.42995985741221804,-1.0251518033612357
2.611720344274129,0.4323978927680036,-1.030693962500861
2.617511298474293,0.43485490538499,-1.036278589292799
2.6233022526744576,0.43733059944161884,-1.0419052323191684
2.629093206874626,0.4398246791163334,-1.047573440162092
2.6348841610747864,0.44233684858756966,-1.0532827614036766
2.6406751152749504,0.4448668120337745,-1.0590327446260526
2.646466069475115,0.44741427363338776,-1.0648229384113355
2.652257023675279,0.4499789375648507,-1.0706528913416429
2.6580479778754436,0.45256050800660486,-1.0765221519990944
2.663838932075608,0.4551586891370917,-1.082430268965808
2.6696298862757724,0.45777318513475274,-1.0883767908239028
2.6754208404759368,0.46040370017802934,-1.0943612661554978
2.681211794676101,0.4630499384453632,-1.1003832435427114
2.6870027488762656,0.46571160411519563,-1.1064422715676623
2.69279370307643,0.46838840136596793,-1.1125378988124692
2.6985846572765944,0.4710800343761219,-1.1186696738592508
2.7043756114767583,0.4737862073240988,-1.124837145290126
2.710166565676923,0.47650662438834007,-1.131039861687213
2.715957519877087,0.4792409897472875,-1.1372773716326312
2.7217484740772555,0.481989007579384,-1.1435492237085034
2.727539428277416,0.4847503820630657,-1.149854966496935
2.7333303824775803,0.48752481737677955,-1.156194148580058
2.7391213366777447,0.49031201769896526,-1.162566318539987
2.7449122908779136,0.49311168720806614,-1.1689710249588445
2.7507032450780735,0.495923530082518,-1.1754078164187365
2.756494199278238,0.49874725050076796,-1.181876241501795
2.7622851534784023,0.5015825526412556,-1.1883758487901337
2.7680761076785663,0.5044291406824224,-1.194906186865872
2.773867061878731,0.5072867188027099,-1.2014668043111285
2.779658016078895,0.5101549911805594,-1.2080572497080213
2.78544897027906,0.5130336619944125,-1.2146770716386694
2.7912399244792243,0.5159224354227105,-1.221325818685192
2.7970308786793883,0.5188210156438954,-1.228003039429708
2.802821832879553,0.5217291068364078,-1.2347082824543343
2.808612787079717,0.52464641317869,-1.241441096341192
2.8144037412798855,0.5275726388491851,-1.2482010296724033
2.820194695480046,0.5305074880263284,-1.2549876310300723
2.8259856496802103,0.5334506648885677,-1.2618004489963326
2.8317766038803747,0.5364018736143423,-1.2686390321532983
2.837567558080539,0.5393608183820937,-1.2755029290830877
2.8433585122807035,0.5423272033702633,-1.2823916883678197
2.849149466480868,0.5453007327572927,-1.2893048585896127
2.8549404206810323,0.5482811107216232,-1.2962419883305862
2.860731374881196,0.5512680414416967,-1.3032026261728584
2.866522329081361,0.5542612290959541,-1.3101863206985476
2.872313283281525,0.5572603778628372,-1.3171926204897733
2.8781042374816894,0.5602651919207873,-1.3242210741286535
2.883895191681854,0.563275375448246,-1.3312712301973075
2.889686145882018,0.5662906326236548,-1.3383426372778537
2.8954771000821826,0.569310667625455,-1.3454348439524109
2.901268054282347,0.5723351846320881,-1.3525473988030976
2.9070590084825154,0.575363887821998,-1.3596798504120382
2.912849962682676,0.5783964813736194,-1.3668317473613356
2.91864091688284,0.5814326694654004,-1.3740026382331239
2.924431871083004,0.5844721562757802,-1.3811920716095165
2.930222825283173,0.5875146459832026,-1.3883995960726379
2.936013779483333,0.5905598415192892,-1.3956247426153758
2.941804733683498,0.5936074313214742,-1.4028668377560272
2.9475956878836618,0.5966570944760848,-1.4101250760937558
2.953386642083826,0.599708509913599,-1.417398650029079
2.959177596283991,0.6027613565644949,-1.424686751962515
2.964968550484155,0.6058153133592507,-1.431988574294581
2.9707595046843194,0.6088700592283439,-1.4393033094257945
2.9765504588844838,0.6119252731022531,-1.446630149756673
2.982341413084648,0.6149806339114561,-1.4539682876877331
2.9881323672848126,0.6180358205864306,-1.4613169156194936
2.993923321484977,0.6210905120576552,-1.468675225952472
2.9997142756851414,0.6241443872556073,-1.476042411087185
3.0055052298853058,0.6271971251107654,-1.4834176634241505
3.01129618408547,0.6302484045536074,-1.4908001753638864
3.017087138285634,0.6332979045146114,-1.49818913930691
3.022878092485799,0.6363453039242553,-1.5055837476537381
3.028669046685963,0.639390281713017,-1.5129831928048891
3.0344600008861273,0.6424325168113746,-1.5203866671608794
3.0402509550862917,0.6454716881498063,-1.527793363122228
3.046041909286456,0.6485074746587899,-1.5352024730894518
3.0518328634866205,0.6515395552688035,-1.542613189463068
3.057623817686785,0.6545676089103251,-1.5500247046435942
3.0634147718869493,0.6575913145138328,-1.5574362110315483
3.0692057260871137,0.6606103510098045,-1.5648469010274473
3.074996680287278,0.6636243973287185,-1.572255967031809
3.080787634487442,0.6666331324010525,-1.5796626014451511
3.086578588687607,0.6696362351572845,-1.5870659966679908
3.092369542887771,0.6726333845278927,-1.5944653451008455
3.0981604970879357,0.675624259443355,-1.6018598391442327
3.1039514512880997,0.6786085388341496,-1.6092486711986707
3.109742405488264,0.6815859016307543,-1.6166310336646756
3.1155333596884285,0.6845560267636475,-1.6240061189427666
3.121324313888593,0.6875185931633065,-1.6313731194334598
3.1271152680887573,0.69047327976021,-1.6387312275372734
3.1329062222889217,0.6934197654848357,-1.646079635654725
3.138697176489086,0.6963577292676618,-1.6534175361863315
3.14448813068925,0.6992868500391664,-1.6607441215326109
3.1502790848894144,0.7022068067298269,-1.6680585840940807
3.1560700390895793,0.705117278270122,-1.6753601162712581
3.1618609932897437,0.7080179435905296,-1.6826479104646612
3.1676519474899076,0.7109084816215276,-1.6899211590748073
3.173442901690072,0.7137885712935937,-1.697179054502213
3.1792338558902364,0.7166578915372066,-1.704420789147397
3.1850248100904013,0.7195161212828437,-1.7116455554108763
3.1908157642905657,0.7223629394609834,-1.7188525456931685
3.1966067184907296,0.7251980250021036,-1.7260409523947915
3.202397672690894,0.7280210568366823,-1.7332099679162618
3.208188626891058,0.7308317138951975,-1.7403587846580977
3.2139795810912224,0.7336296751081273,-1.7474865950208165
3.2197705352913872,0.7364146194059497,-1.754592591404936
3.2255614894915516,0.7391862257191427,-1.761675966210973
3.231352443691716,0.7419441729781842,-1.7687359118394457
3.23714339789188,0.7446881401135524,-1.7757716206908718
3.2429343520920444,0.7474178060557253,-1.7827822851657673
3.2487253062922092,0.7501328497351809,-1.789767097664652
3.2545162604923736,0.7528329500823971,-1.7967252505880416
3.2603072146925376,0.7555177860278521,-1.8036559363364544
3.266098168892702,0.7581870365020238,-1.8105583473104077
3.2718891230928664,0.7608403804353904,-1.817431675910419
3.2776800772930303,0.7634774967584295,-1.824275114537006
3.283471031493195,0.7660980644016199,-1.831087855590686
3.2892619856933596,0.7687017622954385,-1.8378690914719764
3.295052939893524,0.7712882693703641,-1.8446180145813948
3.300843894093688,0.7738572645568749,-1.8513338173194596
3.3066348482938523,0.7764084267854481,-1.8580156920866864
3.312425802494017,0.7789414349865624,-1.8646628312835944
3.3182167566941816,0.7814559680906958,-1.8712744273107007
3.3240077108943455,0.7839517050283259,-1.877849672568522
3.32979866509451,0.7864283247299308,-1.8843877594575766
3.3355896192946743,0.7888855061259892,-1.890887880378383
3.341380573494839,0.7913229281469781,-1.8973492277314565
3.3471715276950036,0.7937402697233763,-1.9037709939173162
3.3529624818951675,0.7961372111008034,-1.9101523717420228
3.358753436095332,0.7985135114333847,-1.9164925783442408
3.364544390295496,0.8008690521834302,-1.9227908685781738
3.3703353444956603,0.8032037253343842,-1.9290465005423725
3.376126298695825,0.8055174228696899,-1.9352587323353851
3.3819172528959895,0.8078100367727917,-1.9414268220557633
3.387708207096154,0.8100814590271337,-1.947550027802057
3.393499161296318,0.8123315816161593,-1.9536276076728156
3.3992901154964823,0.8145602965233125,-1.9596588197665896
3.405081069696647,0.8167674957320373,-1.9656429221819287
3.4108720238968115,0.8189530712257779,-1.971579173017383
3.4166629780969755,0.821116914987978,-1.9774668303715037
3.42245393229714,0.8232589190020811,-1.9833051523428382
3.428244886497304,0.8253789752515318,-1.9890933970299391
3.4340358406974683,0.8274769757197735,-1.9948308225313554
3.439826794897633,0.8295528123902504,-2.000516686945637
3.4456177490977975,0.8316063772464063,-2.0061502483713345
3.451408703297962,0.8336375622716851,-2.0117307649069973
3.457199657498126,0.8356462594495306,-2.0172574946511763
3.4629906116982903,0.837632360763387,-2.0227296957024206
3.468781565898455,0.839595758196698,-2.028146626159281
3.4745725200986195,0.8415363437329076,-2.033507544120307
3.4803634742987835,0.8434540093554593,-2.038811707684048
3.486154428498948,0.8453486470477978,-2.0440583749490564
3.4919453826991123,0.8472201487933667,-2.0492468040138805
3.497736336899277,0.8490684065756092,-2.05437625297707
3.503527291099441,0.8508933123779704,-2.0594459799371765
3.5093182452996055,0.8526947581838934,-2.0644552429927483
3.51510919949977,0.8544726359768222,-2.069403300242336
3.520900153699934,0.856226837740201,-2.0742894097844906
3.526691107900098,0.8579572554574736,-2.0791128297177615
3.532482062100263,0.8596637811120836,-2.0838728181406982
3.5382730163004275,0.8613463066874756,-2.088568633151852
3.5440639705005914,0.863004724167093,-2.0931995328497717
3.549854924700756,0.8646389255343793,-2.0977647753330073
3.55564587890092,0.8662488027727792,-2.1022636187001096
3.561436833101085,0.8678342478657363,-2.1066953210496284
3.5672277873012495,0.8693951527966947,-2.1110591404801147
3.5730187415014134,0.8709314095490979,-2.1153543350901165
3.578809695701578,0.8724429101063901,-2.119580162978185
3.5846006499017378,0.8739295464520143,-2.123735882242869
3.590391604101906,0.8753912105694169,-2.127820750982724
3.596182558302071,0.8768277944420396,-2.1318340272962932
3.6019735125022354,0.8782391900533265,-2.1357749692821293
3.6077644667024,0.8796252893867221,-2.139642835038782
3.6135554209025638,0.8809859844256702,-2.143436882664802
3.619346375102728,0.8823211671536145,-2.1471563702587386
3.625137329302893,0.8836307295539989,-2.1508005559191425
3.6309282835030574,0.8849145636102675,-2.1543686977445637
3.6367192377032214,0.8861725613058643,-2.1578600538335517
3.6425101919033858,0.8874046146242329,-2.1612738822846573
3.64830114610355,0.8886106155488173,-2.1646094411964296
3.6540921003037186,0.8897904560630625,-2.1678659886674216
3.659883054503879,0.8909440281504097,-2.1710427827961767
3.6656740087040434,0.8920712237943053,-2.1741390816812514
3.6714649629042078,0.8931719349781923,-2.177154143421193
3.677255917104376,0.8942460536855156,-2.180087226114555
3.683046871304536,0.8952934718997165,-2.1829375878598793
3.688837825504701,0.8963140816042416,-2.1857044867557245
3.6946287797048654,0.897307774782534,-2.1883871809006363
3.7004197339050293,0.898274443418037,-2.1909849283931653
3.7062106881051937,0.8992139794941952,-2.1934969873318626
3.712001642305358,0.9001262749944524,-2.1959226158152783
3.717792596505523,0.9010112219022522,-2.1982610719419613
3.723583550705687,0.9018687122010389,-2.200511613810462
3.7293745049058513,0.9026986378742563,-2.2026734995193307
3.7351654591060157,0.9035008909053477,-2.204745987167117
3.7409564133061797,0.904275363277758,-2.2067283348523716
3.746747367506348,0.905021946974931,-2.2086198006736453
3.752538321706509,0.9057405339803091,-2.210419642729484
3.7583292759066733,0.9064310162773381,-2.2121271191184433
3.7641202301068373,0.9070932858494611,-2.21374148793907
3.7699111843070017,0.907727234680122,-2.215262007289915
3.775702138507166,0.9083327535720546,-2.216688082045327
3.781493092707331,0.9089097286051514,-2.2180197041828498
3.7872840469074953,0.9094580446785948,-2.2192570124558246
3.7930750011076593,0.9099775866915674,-2.220400145617596
3.7988659553078237,0.9104682395432512,-2.2214492424215044
3.8046569095079876,0.9109298881328285,-2.2224044416208923
3.810447863708152,0.9113624173594819,-2.2232658819691027
3.816238817908317,0.9117657121223939,-2.2240337022194785
3.8220297721084813,0.9121396573207468,-2.224708041125361
3.8278207263086457,0.9124841378537227,-2.225289037440093
3.8336116805088096,0.9127990386205043,-2.2257768299170166
3.839402634708978,0.9130842445202736,-2.2261715573094745
3.845193588909139,0.913339640452213,-2.2264733583708076
3.8509845431093033,0.9135651113155051,-2.22668237185436
3.8567754973094672,0.9137605420093321,-2.2267987365134734
3.8625664515096356,0.9139258174328767,-2.2268225911014907
3.868357405709796,0.9140608224853207,-2.2267540743717538
3.87414835990996,0.9141654420658469,-2.2265933250776047
3.879939314110125,0.9142395610736378,-2.226340481972387
3.8857302683102892,0.9142830644078749,-2.2259956838094404
3.8915212225104536,0.9142958369677416,-2.22555906934211
3.8973121767106176,0.9142777636524195,-2.225030777323737
3.903103130910782,0.9142287293610913,-2.2244109465076636
3.908894085110947,0.9141486189929394,-2.223699715647233
3.9146850393111112,0.9140373174471462,-2.222897223495786
3.920475993511275,0.9138947096228938,-2.2220036088066664
3.9262669477114396,0.9137206804193648,-2.221019010333216
3.932057901911608,0.9135151147357413,-2.2199435668287766
3.937848856111769,0.9132778974712061,-2.2187774170466925
3.943639810311933,0.9130089135249413,-2.2175206997403043
3.949430764512097,0.9127080477961291,-2.2161735536629537
3.9552217187122616,0.9123751851839521,-2.2147361175679845
3.9610126729124255,0.9120102105875926,-2.213208530208739
3.96680362711259,0.9116130089062329,-2.211590930338559
3.972594581312755,0.9111834650390553,-2.2098834567107866
3.978385535512919,0.9107214638852427,-2.208086248078765
3.984176489713083,0.9102268903439766,-2.206199443195836
3.9899674439132475,0.9096996293144402,-2.204223180815342
3.995758398113412,0.909139565695815,-2.2021575996906257
4.001549352313576,0.9085465843872841,-2.2000028385750285
4.007340306513741,0.9079205702880295,-2.197759036221893
4.013131260713905,0.9072614082972338,-2.195426331384563
4.0189222149140695,0.906568983314079,-2.1930048628163794
4.0247131691142375,0.9058431802377475,-2.190494769270683
4.030504123314398,0.9050838839674227,-2.1878961895008215
4.036295077514563,0.9042909794022854,-2.185209262260132
4.042086031714727,0.9034643514415187,-2.182434126301958
4.047876985914895,0.9026038849843043,-2.179570920379641
4.053667940115056,0.9017094649298267,-2.17661978324653
4.0594588943152194,0.9007809761772658,-2.173580853655958
4.065249848515385,0.8998183036258051,-2.1704542703612733
4.071040802715549,0.8988213321746268,-2.167240172115816
4.0768317569157135,0.8977899467229131,-2.1639386976729282
4.082622711115877,0.8967240321698466,-2.160549985785954
4.0884136653160414,0.8956234734146094,-2.157074175208234
4.094204619516207,0.8944881553563843,-2.153511404693111
4.099995573716371,0.8933179628943534,-2.149861812993928
4.1057865279165355,0.892112780927699,-2.1461255388640277
4.111577482116699,0.8908724943556032,-2.1423027210567502
4.1173684363168634,0.889596988077249,-2.1383934983254402
4.123159390517028,0.8882861469918182,-2.134398009423439
4.128950344717193,0.8869398559984938,-2.1303163931040894
4.134741298917357,0.8855579999964575,-2.1261487881207333
4.140532253117521,0.8841404638848918,-2.1218953332267128
4.1463232073176854,0.8826871325629794,-2.117556167175371
4.15211416151785,0.8811978909299022,-2.1131314287200498
4.157905115718014,0.8796726238848432,-2.1086212566140916
4.163696069918179,0.8781112163269843,-2.1040257896108394
4.169487024118343,0.8765135531555076,-2.099345166463634
4.175277978318507,0.874879519269596,-2.094579525925819
4.181068932518672,0.8732089995684317,-2.0897290067507366
4.186859886718836,0.871501878951197,-2.084793747691729
4.192650840919001,0.8697580594897296,-2.0797739312429773
4.198441795119165,0.8679776428879862,-2.074670248385922
4.204232749319329,0.8661608596448388,-2.0694837181582955
4.210023703519494,0.864307942405741,-2.064215365065438
4.215814657719657,0.8624191238161473,-2.058866213612688
4.221605611919823,0.8604946365215107,-2.053437288305383
4.227396566119987,0.858534713167286,-2.047929613648865
4.233187520320151,0.8565395863989266,-2.042344214148471
4.238978474520315,0.8545094888618862,-2.0366821143095395
4.244769428720479,0.8524446532016192,-2.030944338637411
4.250560382920644,0.8503453120635792,-2.0251319116374233
4.256351337120809,0.8482116980932201,-2.019245857814916
4.2621422913209726,0.8460440439359957,-2.013287201675228
4.267933245521137,0.8438425822373603,-2.0072569677236984
4.273724199721301,0.8416075456427672,-2.0011561804656655
4.279515153921466,0.8393391667976706,-1.9949858644064689
4.285306108121631,0.8370376783475244,-1.9887470440514474
4.2910970623217946,0.8347033129377824,-1.9824407439059393
4.296888016521959,0.8323363032138988,-1.9760679884752852
4.302678970722123,0.8299368818213271,-1.9696298022648222
4.308469924922288,0.8275052814055212,-1.9631272097798902
4.314260879122452,0.8250417346119351,-1.956561235525828
4.3200518333226166,0.8225464740860229,-1.9499329040079754
4.325842787522781,0.8200197324732381,-1.94324323973167
4.331633741722945,0.8174617424190349,-1.9364932672022515
4.33742469592311,0.8148727365688669,-1.9296840109250584
4.343215650123273,0.8122529475681888,-1.922816495405431
4.3490066043234386,0.8096026080624532,-1.9158917451487063
4.354797558523603,0.8069219506971147,-1.9089107846602247
4.360588512723767,0.8042112081176273,-1.9018746384453245
4.366379466923932,0.8014706129694444,-1.894784331009345
4.372170421124095,0.7987003978980208,-1.8876408868576253
4.3779613753242606,0.7959007955488095,-1.8804453304955044
4.383752329524425,0.7930720385672645,-1.8731986864283199
4.389543283724589,0.79021435959884,-1.8659019791614124
4.395334237924753,0.7873279912889898,-1.8585562332001206
4.401125192124917,0.7844131662831678,-1.8511624730497829
4.406916146325082,0.7814701172268277,-1.8437217232157386
4.412707100525247,0.7784990767654234,-1.8362350082033265
4.4184980547254105,0.7755002775444092,-1.828703352517886
4.424289008925575,0.7724739522092385,-1.8211277806647552
4.430079963125739,0.7694203334053658,-1.8135093171492744
4.435870917325904,0.7663396537782442,-1.8058489864767813
4.441661871526068,0.763232145973328,-1.7981478131526152
4.4474528257262325,0.7600980426360711,-1.7904068216821156
4.453243779926397,0.7569375764119274,-1.7826270365706212
4.459034734126561,0.7537509799463507,-1.7748094823234704
4.464825688326726,0.7505384858847951,-1.766955183446003
4.47061664252689,0.747300326872714,-1.759065164443557
4.4764075967270545,0.7440367355555617,-1.7511404498214727
4.482198550927219,0.7407479445787923,-1.7431820640850884
4.487989505127383,0.737434186587859,-1.7351910317397423
4.493780459327548,0.7340956942282163,-1.7271683772907744
4.499571413527711,0.7307327001453178,-1.719115125243523
4.5053623677278765,0.7273454369846175,-1.7110323001033283
4.511153321928041,0.7239341373915691,-1.7029209263755274
4.516944276128205,0.7204990340116267,-1.6947820285654605
4.522735230328369,0.7170403594902441,-1.6866166311784665
4.528526184528533,0.7135583464728753,-1.678425758719884
4.5343171387286985,0.710053227604974,-1.6702104356950522
4.540108092928863,0.7065252355319944,-1.6619716866093102
4.545899047129027,0.7029746028993897,-1.6537105359679962
4.551690001329191,0.6994015623526147,-1.6454280082764503
4.557480955529355,0.6958063465371228,-1.6371251280400108
4.56327190972952,0.6921891880983679,-1.6288029197640164
4.569062863929685,0.6885503196818039,-1.6204624079538066
4.574853818129848,0.6848899739328846,-1.6121046171147204
4.580644772330013,0.6812083834970641,-1.6037305717520964
4.586435726530177,0.6775057810197963,-1.595341296371274
4.592226680730342,0.6737823991465349,-1.5869378154775917
4.598017634930506,0.6700384705227339,-1.5785211535763883
4.60380858913067,0.6662742277938473,-1.570092335173004
4.609599543330835,0.662489907958221,-1.5616523851604025
4.615390497530999,0.6586860091877532,-1.553202351689157
4.621181451731164,0.6548634344733442,-1.5447433189591224
4.626972405931328,0.6510231216290361,-1.5362763742711736
4.632763360131492,0.6471660084688703,-1.5278026049261806
4.638554314331657,0.6432930328068877,-1.5193230982250165
4.644345268531821,0.6394051324571302,-1.5108389414685528
4.650136222731986,0.6355032452336388,-1.5023512219576622
4.655927176932149,0.6315883089504553,-1.493861026993216
4.661718131132314,0.6276612614216209,-1.4853694438760863
4.667509085332479,0.623723040461177,-1.4768775599071455
4.673300039532643,0.6197745838831649,-1.468386462387265
4.679090993732807,0.6158168295016262,-1.4598972386173175
4.684881947932971,0.6118507151306023,-1.4514109758981746
4.690672902133136,0.6078771785841345,-1.4429287615307083
4.696463856333301,0.6038971576762644,-1.4344516828157912
4.702254810533461,0.599911590221036,-1.4259808270543006
4.708045764733629,0.5959214140324821,-1.4175172815470907
4.713836718933793,0.5919275669246531,-1.409062133595052
4.7196276731339575,0.587930986711587,-1.4006164704990496
4.725418627334123,0.5839326112073255,-1.392181379559956
4.731209581534286,0.5799333782259101,-1.3837579480786437
4.737000535734451,0.5759342255813821,-1.3753472633559842
4.742791489934615,0.5719360910877826,-1.3669504126928491
4.7485824441347795,0.5679399125591537,-1.3585684833901115
4.754373398334944,0.5639466278095362,-1.3502025627486423
4.760164352535108,0.5599571746529717,-1.3418537380693145
4.765955306735273,0.5559724909035016,-1.3335230966529996
4.7717462609354415,0.5519935143751643,-1.3252117258005633
4.7775372151356015,0.5480211828820103,-1.3169207128128961
4.783328169335765,0.5440564342380717,-1.308651144990852
4.78911912353593,0.5401002062573934,-1.300404109635309
4.794910077736099,0.5361534367540136,-1.292180694047133
4.800701031936259,0.5322170635419821,-1.2839819855272139
4.8064919861364235,0.5282920244353323,-1.2758090713764059
4.812282940336587,0.524379257248108,-1.267663038895587
4.818073894536752,0.5204796997943506,-1.2595449753856292
4.823864848736917,0.5165942898881019,-1.2514559681474045
4.829655802937081,0.512723965343403,-1.243397104481785
4.835446757137245,0.5088696639742953,-1.2353694716896426
4.841237711337409,0.5050323235948202,-1.2273741570718493
4.847028665537574,0.5012128820190193,-1.2194122479292775
4.852819619737739,0.49741227706093377,-1.2114848315627986
4.858610573937902,0.4936314465346052,-1.203592995273285
4.864401528138071,0.4898713282540722,-1.195737826361603
4.870192482338231,0.4861328600333843,-1.1879204121286413
4.875983436538395,0.48241697968657477,-1.1801418398752554
4.881774390738561,0.4787246250276877,-1.172403196902323
4.887565344938724,0.4750567338707645,-1.1647055705107157
4.893356299138889,0.4714142440298467,-1.1570500480013055
4.899147253339053,0.46779809331897565,-1.149437716674965
4.904938207539217,0.4642092195521926,-1.1418696638325654
4.910729161739382,0.46064856054353903,-1.1343469767749794
4.916520115939546,0.45711705410705655,-1.1268707428030789
4.922311070139711,0.4536156380567863,-1.1194420492177357
4.928102024339875,0.4501452502067698,-1.1120619833198218
4.933892978540039,0.44670682837104847,-1.1047316324102097
4.939683932740203,0.4433013103636637,-1.0974520837897708
4.945474886940368,0.43992963399865687,-1.0902244247593773
4.951265841140533,0.4365927370900693,-1.0830497426199013
4.9570567953407005,0.4332915574519402,-1.0759291246722096
4.962847749540861,0.43002703289831795,-1.0688636582171898
4.968638703741025,0.42680010124323703,-1.0618544305556985
4.97442965794119,0.4236117003007409,-1.0549025289886125
4.980220612141358,0.420462767884869,-1.0480090408167992
4.986011566341519,0.4173542418096694,-1.0411750533411452
4.9918025205416825,0.4142870598891767,-1.034401653862508
4.997593474741847,0.41126215993743453,-1.0276899296817645
5.003384428942011,0.4082804797684845,-1.021040968099787
5.009175383142177,0.40534295719636776,-1.0144558564174466
5.01496633734234,0.40245053003512576,-1.0079356819356158
5.0207572915425045,0.39960413609880013,-1.0014815319551669
5.026548245742669,0.39680471320143207,-0.9950944937769717
5.032339199942833,0.39405297322400756,-0.9887754288220372
5.038130154142998,0.39134872431529094,-0.9825242949919109
5.043921108343162,0.38869154869099104,-0.9763408243082753
5.049712062543331,0.38608102856681487,-0.9702247487928084
5.055503016743491,0.3835167461584766,-0.964175800467206
5.061293970943655,0.38099828368167965,-0.9581937113531369
5.06708492514382,0.37852522335213484,-0.9522782134722887
5.072875879343984,0.37609714738555095,-0.9464290388463434
5.0786668335441485,0.3737136379976366,-0.9406459194969836
5.084457787744313,0.37137427740410095,-0.9349285874458919
5.090248741944477,0.3690786478206526,-0.9292767747147506
5.096039696144641,0.3668263314630005,-0.9236902133252421
5.101830650344806,0.3646169105468534,-0.918168635299049
5.1076216045449705,0.3624499672879202,-0.9127117726578539
5.113412558745135,0.3603250839019098,-0.9073193574233391
5.119203512945298,0.35824184260453074,-0.9019911216171869
5.124994467145463,0.3561998256114922,-0.8967267972610802
5.130785421345628,0.354198615138503,-0.8915261163767012
5.1365763755457925,0.35223779340127176,-0.8863888109857327
5.1423673297459604,0.35031694261550606,-0.881314613109853
5.14815828394612,0.3484356449969187,-0.8763032547707557
5.153949238146285,0.3465934827612147,-0.8713544679901126
5.159740192346449,0.344790038124104,-0.8664679847896094
5.165531146546618,0.3430248933012944,-0.8616435371909255
5.171322100746778,0.34129763050849826,-0.8568808572157535
5.177113054946942,0.3396078319614208,-0.8521796768857656
5.182904009147107,0.3379550798757721,-0.8475397282226477
5.188694963347271,0.336338956467261,-0.8429607432480825
5.194485917547436,0.33475904395159634,-0.838442453983752
5.2002768717476,0.3332149245444869,-0.8339845924513392
5.206067825947764,0.33170618046164146,-0.8295868906725259
5.211858780147929,0.3302323939187691,-0.8252490806689955
5.217649734348093,0.32879314713157837,-0.8209708944624297
5.223440688548258,0.32738802231577824,-0.8167520640745112
5.229231642748422,0.32601660168707763,-0.8125923215269226
5.235022596948586,0.3246784674611853,-0.8084913988413461
5.240813551148751,0.32337320185380997,-0.8044490280394645
5.246604505348915,0.3221003870806606,-0.8004649411429603
5.252395459549079,0.320859605357446,-0.7965388701735155
5.258186413749244,0.319650438899875,-0.7926705471528129
5.263977367949408,0.3184724699236564,-0.7888597041025349
5.269768322149573,0.3173252806444993,-0.7851060730443644
5.275559276349736,0.31620845327811203,-0.7814093859999831
5.281350230549901,0.3151215700402039,-0.7777693749910742
5.287141184750066,0.31406421314648353,-0.7741857720393197
5.29293213895023,0.31303596481265966,-0.7706583091664021
5.298723093150394,0.3120364072544414,-0.7671867183940041
5.304514047350558,0.31106512268753733,-0.763770731743808
5.310305001550723,0.3101216933276563,-0.7604100812374963
5.316095955750887,0.30920570139050735,-0.7571044988967517
5.321886909951052,0.30831672909179914,-0.7538537167432563
5.327677864151216,0.3074543586472407,-0.7506574667986927
5.33346881835138,0.3066181722725406,-0.7475154810847439
5.339259772551545,0.30580775218340783,-0.7444274916230913
5.345050726751709,0.30502268059555127,-0.7413932304354183
5.3508416809518735,0.30426253972467954,-0.7384124295434069
5.356632635152038,0.3035269117865017,-0.7354848209687398
5.362423589352202,0.30281537899672656,-0.7326101367330994
5.368214543552367,0.30212752357106293,-0.7297881088581684
5.374005497752531,0.3014629277252194,-0.7270184693656285
5.379796451952695,0.30082117367490524,-0.7243009502771632
5.38558740615286,0.30020184363582897,-0.7216352836144542
5.391378360353024,0.29960451982369957,-0.7190212013991845
5.397169314553189,0.29902878445422576,-0.7164584356530361
5.402960268753353,0.2984742197431165,-0.7139467183976917
5.408751222953517,0.29794040790608056,-0.7114857816548341
5.414542177153682,0.2974269311588268,-0.7090753574461454
5.420333131353846,0.2969333717170639,-0.7067151777933077
5.426124085554011,0.2964593117965011,-0.7044049747180045
5.431915039754174,0.29600433361284684,-0.7021444802419174
5.437705993954339,0.29556801938181004,-0.6999334263867291
5.443496948154504,0.29514995131909966,-0.6977715451741222
5.449287902354668,0.2947497183053105,-0.6956585546393579
5.455078856554832,0.29436698670033795,-0.693594010225552
5.460869810754996,0.29400147285072303,-0.6915773624776621
5.466660764955161,0.2936528939361172,-0.6896080601923427
5.472451719155325,0.29332096713617245,-0.6876855521662485
5.478242673355489,0.2930054096305402,-0.6858092871960346
5.484033627555654,0.2927059385988722,-0.6839787140783553
5.489824581755818,0.29242227122081993,-0.6821932816098655
5.495615535955983,0.29215412467603535,-0.68045243858722
5.501406490156147,0.2919012161441699,-0.6787556338070735
5.507197444356311,0.2916632628048754,-0.6771023160660804
5.512988398556476,0.29143998183780345,-0.6754919341608961
5.51877935275664,0.29123109042260564,-0.6739239368881745
5.524570306956805,0.2910363057389337,-0.6723977730445712
5.530361261156969,0.2908553449664393,-0.6709128914267405
5.5361522153571325,0.2906879252847741,-0.6694687408313369
5.541943169557298,0.2905337638735897,-0.6680647700550154
5.547734123757462,0.2903925779125379,-0.666700427894431
5.553525077957627,0.2902640845812703,-0.6653751631462378
5.55931603215779,0.2901480010594385,-0.6640884246070909
5.5651069863579545,0.2900440445266942,-0.6628396610736451
5.57089794055812,0.28995193216268905,-0.661628321342555
5.576688894758284,0.2898713811470748,-0.6604538542104754
5.582479848958449,0.289802108659503,-0.6593157084740608
5.588270803158612,0.2897438318796254,-0.6582133329299663
5.5940617573587765,0.28969626798709364,-0.6571461763748464
5.599852711558942,0.2896591341615594,-0.6561136876053562
5.605643665759106,0.2896321475826743,-0.6551153154181497
5.61143461995927,0.28961502543008993,-0.654150508609882
5.617225574159434,0.2896074848834582,-0.6532187159772082
5.6230165283595985,0.2896092431224305,-0.6523193863167825
5.628807482559763,0.28962001732665865,-0.6514519684252598
5.634598436759927,0.28963952467579435,-0.650615911099295
5.640389390960092,0.289667482349489,-0.6498106631355425
5.646180345160256,0.2897036075273947,-0.6490356733306575
5.6519712993604205,0.2897476173891627,-0.6482903904812943
5.657762253560585,0.28979922911444495,-0.6475742633841077
5.663553207760749,0.28985815988289293,-0.6468867408357528
5.669344161960914,0.2899241268741583,-0.6462272716328837
5.675135116161078,0.28999684726789293,-0.6455953045721557
5.6809260703612425,0.2900760382437482,-0.6449902884502232
5.686717024561407,0.2901614169813761,-0.6444116720637413
5.69250797876157,0.29025270066042796,-0.6438589042093642
5.698298932961736,0.2903496064605557,-0.643331433683747
5.7040898871619,0.29045185156141085,-0.6428287092835444
5.7098808413620645,0.2905591531426451,-0.642350179805411
5.715671795562228,0.2906712283839101,-0.6418952940460015
5.721462749762392,0.2907877944648576,-0.641463500801971
5.727253703962558,0.29090856856513914,-0.6410542488699738
5.733044658162722,0.2910332678644064,-0.6406669870466648
5.738835612362886,0.29116160954231113,-0.6403011641286985
5.74462656656305,0.291293310778505,-0.6399562289127301
5.750417520763214,0.2914280887526396,-0.6396316301954141
5.756208474963379,0.2915656606443666,-0.6393268167734051
5.761999429163544,0.2917057436333377,-0.6390412374433581
5.767790383363708,0.2918480548992045,-0.6387743410019275
5.773581337563872,0.2919923116216187,-0.6385255762457683
5.779372291764036,0.292138230980232,-0.6382943919715351
5.785163245964201,0.2922855301546961,-0.6380802369758827
5.790954200164365,0.2924339263246625,-0.6378825600554657
5.79674515436453,0.2925831366697831,-0.6377008100069392
5.802536108564694,0.2927328783697093,-0.6375344356269573
5.808327062764858,0.2928828686040929,-0.6373828857121753
5.814118016965023,0.2930328245525856,-0.6372456090592478
5.819908971165184,0.29318246339483883,-0.6371220544648293
5.825699925365352,0.29333150231050475,-0.6370116707255746
5.831490879565516,0.2934796584792346,-0.6369139066381387
5.83728183376568,0.29362664908068004,-0.6368282109991761
5.843072787965845,0.293772191294493,-0.6367540326053416
5.848863742166008,0.293916002300325,-0.6366908202532897
5.854654696366174,0.2940577992778276,-0.6366380227396755
5.860445650566338,0.2941972994066526,-0.6365950888611536
5.866236604766502,0.2943342217844405,-0.6365614701485943
5.872027558966666,0.29446840058816154,-0.6365367821858094
5.87781851316683,0.29459984836774683,-0.6365208948386688
5.883609467366996,0.2947285930170387,-0.6365136998467684
5.889400421567164,0.29485466242987896,-0.6365150889497039
5.8951913757673235,0.29497808450010926,-0.6365249538870708
5.900982329967488,0.2950988871215722,-0.6365431863984652
5.906773284167652,0.2952170981881093,-0.6365696782234828
5.912564238367821,0.29533274559356276,-0.636604321101719
5.918355192567982,0.2954458572317743,-0.6366470067727696
5.9241461467681455,0.29555646099658606,-0.6366976269762304
5.92993710096831,0.29566458478183993,-0.6367560734516973
5.935728055168474,0.29577025648137806,-0.6368222379387657
5.941519009368639,0.2958735039890422,-0.6368960121770316
5.947309963568803,0.29597435519867443,-0.6369772879060907
5.9531009177689675,0.2960728380041168,-0.6370659568655382
5.958891871969132,0.2961689802992112,-0.6371619107949708
5.964682826169296,0.2962628099777994,-0.6372650414339831
5.970473780369461,0.2963543549337237,-0.6373752405221715
5.976264734569625,0.2964436430608259,-0.6374923997991317
5.982055688769794,0.29653070225294803,-0.6376164110044593
5.987846642969954,0.29661556040393183,-0.63774716587775
5.993637597170118,0.29669824540761974,-0.6378845561585996
5.999428551370283,0.2967787851578533,-0.6380284735866038
6.005219505570446,0.29685720754847467,-0.6381788099013581
6.0110104597706115,0.2969335404733259,-0.6383354568424586
6.016801413970776,0.29700781182624864,-0.6384983061495005
6.02259236817094,0.29708004950108513,-0.6386672495620802
6.028383322371104,0.29715028139167743,-0.6388421788197931
6.034174276571268,0.2972185353918672,-0.6390229856622347
6.0399652307714335,0.2972848393954966,-0.6392095618290009
6.045756184971598,0.29734922129640756,-0.6394017990596874
6.0515471391717615,0.29741170898844216,-0.63959958909389
6.057338093371926,0.2974723303654422,-0.6398028236712046
6.06312904757209,0.2975311133212497,-0.6400113945312264
6.068920001772255,0.29758808574970663,-0.6402251934135514
6.0747109559724235,0.29764327554465514,-0.6404441120577756
6.0805019101725835,0.2976967105999369,-0.6406680422034942
6.086292864372748,0.297748418809394,-0.6408968755903031
6.092083818572912,0.2977984280668685,-0.6411305039577982
6.09787477277308,0.29784676626620227,-0.6413688190455754
6.103665726973241,0.29789346130123734,-0.6416117125932297
6.1094566811734055,0.2979385410658157,-0.6418590763403573
6.11524763537357,0.29798203345377916,-0.642110802026554
6.121038589573734,0.2980239663589699,-0.6423667813914155
6.126829543773899,0.2980643676752297,-0.6426269061745371
6.132620497974062,0.2981032652964007,-0.6428910681155151
6.1384114521742275,0.29814068711632474,-0.6431591589539448
6.144202406374392,0.2981766610288439,-0.643431070429422
6.149993360574556,0.2982112149278001,-0.6437066942815428
6.15578431477472,0.29824437670703535,-0.6439859222499025
6.161575268974884,0.2982761742603914,-0.6442686460740967
6.167366223175054,0.29830663548171055,-0.6445547574937218
6.173157177375214,0.29833578826483453,-0.6448441482483726
6.178948131575378,0.29836366050360547,-0.6451367100776453
6.184739085775542,0.29839028009186525,-0.6454323347211359
6.190530039975706,0.29841567492345583,-0.6457309139184397
6.1963209941758715,0.2984398728922192,-0.6460323394091526
6.202111948376036,0.29846290189199737,-0.6463365029328703
6.207902902576199,0.2984847898166323,-0.6466432962291881
6.213693856776364,0.29850556455996585,-0.6469526110377024
6.219484810976528,0.2985252540158402,-0.6472643390980088
6.225275765176693,0.29854388607809706,-0.6475783721497027
6.231066719376857,0.29856148864057863,-0.6478946019323799
6.236857673577021,0.2985780895971268,-0.6482129201856363
6.242648627777186,0.2985937168415835,-0.6485332186490674
6.24843958197735,0.29860839826779073,-0.6488553890622692
6.254230536177515,0.29862216176959044,-0.6491793231648371
6.2600214903776825,0.29863503524082463,-0.6495049126963672
6.265812444577843,0.29864704657533525,-0.6498320493964548
6.271603398778008,0.2986582236669643,-0.6501606250046956
6.277394352978172,0.29866859440955373,-0.6504905312606858
6.28318530717834,0.29867818669694557,-0.650821659904021
